row_no	material_name	supplier_name	quantity	unit	received_date	production_date	expiry_date	external_batch
1	爻賰乇	賴賲鬲賵	10000	賰噩賲	2025-04-10	2025-03-01	2028-03-01	25082
2	賱亘賳 賲賳夭賵毓	賴賲鬲賵	1000	賰噩賲	2025-04-10	2023-12-01	2025-12-01	EP2335317
3	賱亘賳 賰丕賲賱 丕賱丿爻賲	賴賲鬲賵	1000	賰噩賲	2025-04-10	2024-09-01	2026-09-01	301123NY1
4	胤毓賲 卮賵賰賵賱丕鬲丞	賴賲鬲賵	25	賰噩賲	2025-04-10	2025-03-01	2027-03-01	2025031006
5	丿賯賷賯	賴賲鬲賵	10000	賰噩賲	2025-04-10	2025-04-01	2026-01-01	04/2025
6	賰丕賰丕賵 睾丕賲賯 M50	賴賲鬲賵	1000	賰噩賲	2025-04-12	2025-01-01	2027-01-01	2501150200
7	爻賰乇	賴賲鬲賵	5000	賰噩賲	2025-04-14	2024-03-01	2027-03-01	03/2024
8	丿賯賷賯	賴賲鬲賵	10000	賰噩賲	2025-04-13	2025-04-01	2026-01-01	04/2025
9	卮賵乇鬲賳噩	賴賲鬲賵	7000	賰噩賲	2025-04-13	2025-04-01	2027-04-01	30737
10	丿賯賷賯	賴賲鬲賵	10000	賰噩賲	2025-04-15	2025-04-01	2026-01-01	04/2025
11	爻賰乇	賴賲鬲賵	5000	賰噩賲	2025-04-15	2024-03-01	2027-03-01	03/2024
12	賲賰爻亘 胤毓賲 夭亘丿丞	賴賲鬲賵	40	賰噩賲	2025-04-16	2024-12-01	2026-12-01	603623
13	賰丕賰丕賵 睾丕賲賯 RB9011	賴賲鬲賵	1000	賰噩賲	2025-04-16	2024-12-01	2026-12-01	241229
14	丿賯賷賯	賴賲鬲賵	20000	賰噩賲	2025-04-17	2025-04-01	2026-01-01	04/2025
15	爻賰乇	賴賲鬲賵	10000	賰噩賲	2025-04-17	2025-03-01	2028-03-01	25082
16	賰丕賰丕賵 賮丕鬲丨 M10	賴賲鬲賵	1000	賰噩賲	2025-04-17	2025-01-01	2027-01-01	2501290200
17	賰丕賰丕賵 睾丕賲賯 M50	賴賲鬲賵	1000	賰噩賲	2025-04-17	2025-01-01	2027-01-01	2501150200
18	丿賯賷賯	賴賲鬲賵	10000	賰噩賲	2025-04-20	2025-04-01	2026-01-01	04/2025
19	丿賯賷賯	賴賲鬲賵	10000	賰噩賲	2025-04-22	2025-04-01	2026-01-01	04/2025
20	毓爻賱 賳丨賱	賴賲鬲賵	300	賰噩賲	2025-04-23	2025-04-01	2027-04-01	25024K
21	賲賰爻亘 胤毓賲 夭亘丿丞	賴賲鬲賵	20	賰噩賲	2025-04-23	2024-12-01	2026-12-01	603623
22	噩賱賵賰賵夭	賴賲鬲賵	1200	賰噩賲	2025-04-26	2025-04-01	2026-01-01	04/2025
23	賳卮丕 匕乇丞	賴賲鬲賵	4000	賰噩賲	2025-04-26	2025-03-01	2027-03-01	3010-25-11
24	丕賲賵賳賷賵賲	賴賲鬲賵	2000	賰噩賲	2025-04-26	2025-01-01	2027-01-01	250108
25	氐賵丿賷賵賲	賴賲鬲賵	150	賰噩賲	2025-04-26	2025-01-01	2027-01-01	01/2025
26	氐賵丿賷賵賲	賴賲鬲賵	200	賰噩賲	2025-04-26	2025-02-01	2027-02-01	02/2025
27	氐賵丿賷賵賲	賴賲鬲賵	150	賰噩賲	2025-04-26	2025-03-01	2027-03-01	03/2025
28	亘賷囟 亘賵丿乇	賴賲鬲賵	210	賰噩賲	2025-04-27	2025-04-01	2026-04-01	225041305
29	卮賵乇鬲賳噩	賴賲鬲賵	7000	賰噩賲	2025-04-28	2025-04-01	2027-04-01	32003
30	丿賯賷賯	賴賲鬲賵	10000	賰噩賲	2025-04-28	2025-04-01	2026-01-01	04/2025
31	爻賰乇	賴賲鬲賵	5000	賰噩賲	2025-04-28	2024-07-01	2027-07-01	07/2024
32	賰丕賰丕賵 賮丕鬲丨 M10	賴賲鬲賵	1000	賰噩賲	2025-04-28	2025-01-01	2027-01-01	2501290200
33	賰丕賰丕賵 睾丕賲賯 M50	賴賲鬲賵	1000	賰噩賲	2025-04-28	2025-01-01	2027-01-01	2501150200
34	賱亘賳 賲賳夭賵毓	賴賲鬲賵	1000	賰噩賲	2025-04-29	2024-08-01	2026-08-01	44032
35	丿賯賷賯	賴賲鬲賵	19950	賰噩賲	2025-04-30	2025-04-01	2026-01-01	04/2025
36	賲賰爻亘 胤毓賲 卮賷賰賵賱丕鬲丞	賴賲鬲賵	50	賰噩賲	2025-04-30	2025-04-01	2027-04-01	2025041408
37	賲賱丨 胤毓丕賲	賴賲鬲賵	250	賰噩賲	2025-05-04	2025-04-01	2027-04-01	04RI025A
38	賮丕賳賷賱賷丕	賴賲鬲賵	200	賰噩賲	2025-05-04	2024-11-01	2027-11-01	JL20241149
39	賱賷爻賷孬賷賳	賴賲鬲賵	200	賰噩賲	2025-05-04	2024-09-01	2026-09-01	SB 416/24
40	賱亘賳 賰丕賲賱 丕賱丿爻賲	賴賲鬲賵	400	賰噩賲	2025-05-04	2024-09-01	2026-09-01	301123NY11
41	賲賰爻亘 胤毓賲 夭亘丿丞	賴賲鬲賵	50	賰噩賲	2025-05-04	2024-12-01	2026-12-01	810786
42	卮賵乇鬲賳噩	賴賲鬲賵	8000	賰噩賲	2025-05-06	2025-04-01	2026-04-01	32034
43	丿賯賷賯	賴賲鬲賵	20000	賰噩賲	2025-05-06	2025-05-01	2026-02-01	05/2025
44	爻賰乇	賴賲鬲賵	10000	賰噩賲	2025-05-06	2024-07-01	2027-07-01	07/2024
45	賱亘賳 賲賳夭賵毓	賴賲鬲賵	1000	賰噩賲	2025-05-06	2024-08-01	2026-08-01	44033
46	賳卮丕 匕乇丞	賴賲鬲賵	3000	賰噩賲	2025-05-06	2025-04-01	2027-04-01	3010-25-16
47	賮乇賰鬲賵夭	賴賲鬲賵	3790	賰噩賲	2025-05-06	2025-05-01	2026-02-01	FCS-126-2025/1
48	卮賵乇鬲賳噩	賴賲鬲賵	6000	賰噩賲	2025-05-07	2025-04-01	2026-04-01	32034
49	賮丕賳賷賱賷丕 氐賷賳賷	賴賲鬲賵	50	賰噩賲	2025-05-08	2024-02-01	2029-02-01	ZVA2405001
50	賱亘賳 賰丕賲賱 丕賱丿爻賲	賴賲鬲賵	100	賰噩賲	2025-05-08	2024-09-01	2026-09-01	301123NY11
51	爻賰乇	賴賲鬲賵	10000	賰噩賲	2025-05-11	2024-07-01	2027-07-01	07/2024
52	氐賵丿賷賵賲	賴賲鬲賵	300	賰噩賲	2025-05-13	2025-03-01	2027-03-01	03/2025
53	丕賲賵賳賷賵賲	賴賲鬲賵	500	賰噩賲	2025-05-13	2024-11-01	2026-11-01	241122
54	賲賰爻亘 胤毓賲 夭亘丿丞	賴賲鬲賵	20	賰噩賲	2025-05-13	2024-12-01	2026-12-01	810786
55	賱亘賳 賲賳夭賵毓	賴賲鬲賵	500	賰噩賲	2025-05-13	2024-08-01	2026-08-01	44031
56	賰丕賰丕賵 賮丕鬲丨 M10	賴賲鬲賵	1000	賰噩賲	2025-05-13	2025-01-01	2027-01-01	2501290200
57	賰丕賰丕賵 睾丕賲賯 M50	賴賲鬲賵	1000	賰噩賲	2025-05-13	2025-01-01	2027-01-01	2501150200
58	丿賯賷賯	賴賲鬲賵	20000	賰噩賲	2025-05-14	2025-05-01	2026-02-01	14/05/2025
59	亘賷囟 亘賵丿乇	賴賲鬲賵	105	賰噩賲	2025-05-14	2025-04-01	2026-04-01	225041305
60	賲賰爻亘 胤毓賲 卮賷賰賵賱丕鬲丞	賴賲鬲賵	50	賰噩賲	2025-05-13	2025-05-01	2027-05-01	2025050601
61	毓爻賱 賳丨賱	賴賲鬲賵	300	賰噩賲	2025-05-13	2025-05-01	2027-05-01	25024K
62	卮賵乇鬲賳噩	賴賲鬲賵	8000	賰噩賲	2025-05-15	2025-05-01	2027-05-01	32635
63	爻賰乇	賴賲鬲賵	5000	賰噩賲	2025-05-15	2024-06-01	2027-06-01	06/2024
64	丿賯賷賯	賴賲鬲賵	10000	賰噩賲	2025-05-19	2025-05-01	2026-02-01	05/2025
65	賰丕賰丕賵 賮丕鬲丨 M10	賴賲鬲賵	1000	賰噩賲	2025-05-19	2025-01-01	2027-01-01	2501290200
66	賰丕賰丕賵 睾丕賲賯 M50	賴賲鬲賵	1000	賰噩賲	2025-05-19	2025-01-01	2027-01-01	2501150200
67	卮賵乇鬲賳噩	賴賲鬲賵	8000	賰噩賲	2025-05-20	2025-05-01	2027-05-01	33126
68	賮乇賰鬲賵夭	賴賲鬲賵	295	賰噩賲	2025-05-21	2025-04-01	2026-01-01	FCS-113-2025/1
69	賰丕賰丕賵 睾丕賲賯 RB9011	賴賲鬲賵	1000	賰噩賲	2025-05-21	2024-12-01	2026-12-01	241230
70	丿賯賷賯	賴賲鬲賵	10000	賰噩賲	2025-05-25	2025-05-01	2026-02-01	05/2025
71	卮賵乇鬲賳噩	賴賲鬲賵	6500	賰噩賲	2025-05-26	2025-05-01	2027-05-01	33326
72	卮賵乇鬲賳噩	賴賲鬲賵	500	賰噩賲	2025-05-26	2025-05-01	2027-05-01	33331
73	賲賱丨 胤毓丕賲	賴賲鬲賵	250	賰噩賲	2025-05-26	2025-04-01	2027-04-01	04RI025A
74	胤毓賲 夭亘丿丞	賴賲鬲賵	5	賰噩賲	2025-05-26	2024-12-01	2026-12-01	803623
75	亘賷囟 亘賵丿乇	賴賲鬲賵	45	賰噩賲	2025-05-26	2024-10-01	2025-10-01	224100903
76	賱亘賳 賲賳夭賵毓	賴賲鬲賵	300	賰噩賲	2025-05-26	2024-08-01	2026-08-01	44031
77	賱亘賳 賰丕賲賱 丕賱丿爻賲	賴賲鬲賵	150	賰噩賲	2025-05-26	2024-09-01	2026-09-01	301123NY11
78	爻賰乇	賴賲鬲賵	10000	賰噩賲	2025-05-27	2025-05-01	2028-05-01	147
79	丿賯賷賯	賴賲鬲賵	10000	賰噩賲	2025-05-28	2025-05-01	2026-02-01	05/2025
80	噩賱賵賰賵夭	賴賲鬲賵	600	賰噩賲	2025-05-29	2025-05-01	2026-02-01	05/2025
81	賰丕賰丕賵 睾丕賲賯 RB9011	賴賲鬲賵	1000	賰噩賲	2025-05-29	2024-12-01	2026-12-01	241230
82	賱亘賳 賰丕賲賱 丕賱丿爻賲	賴賲鬲賵	750	賰噩賲	2025-05-29	2024-09-01	2026-09-01	301123NY11
83	賮丕賳賷賱賷丕 賰乇賷爻鬲丕賱	賴賲鬲賵	100	賰噩賲	2025-05-29	2024-11-01	2027-11-01	JL20241149
84	賮乇賰鬲賵夭	賴賲鬲賵	4060	賰噩賲	2025-05-31	2025-05-01	2026-02-01	FCS-151-2025/1
85	丿賯賷賯	賴賲鬲賵	9950	賰噩賲	2025-05-31	2025-05-01	2026-02-01	05/2025
86	賳卮丕 匕乇丞	賴賲鬲賵	1500	賰噩賲	2025-05-31	2025-03-01	2027-03-01	3010-25-11
87	噩賱賵賰賵夭	賴賲鬲賵	1500	賰噩賲	2025-05-31	2025-05-01	2026-02-01	05/2025
88	賵乇賯 鬲睾賱賷賮 賲丕賰爻 1 爻丕丿丞	賴賲鬲賵	452	賰噩賲	2025-05-31	2025-04-01		-
89	卮賵乇鬲賳噩	賴賲鬲賵	750	賰噩賲	2025-06-01	2025-05-01	2027-05-01	34014
90	卮賵乇鬲賳噩	賴賲鬲賵	6250	賰噩賲	2025-06-01	2025-05-01	2027-05-01	33795
91	丕賲賵賳賷賵賲	賴賲鬲賵	1000	賰噩賲	2025-06-02	2024-02-01	2026-02-01	20250224
92	氐賵丿賷賵賲	賴賲鬲賵	300	賰噩賲	2025-06-02	2025-04-01	2027-04-01	04/2025
93	爻賰乇	賴賲鬲賵	147	賰噩賲	2025-06-02	2025-05-01	2028-05-01	147
94	賱亘賳 賲賳夭賵毓	賴賲鬲賵	2000	賰噩賲	2025-06-02	2025-01-01	2027-01-01	4225027103
95	丿賯賷賯	賴賲鬲賵	16000	賰噩賲	2025-06-02	2025-06-01	2026-03-01	06/2025
96	卮賵乇鬲賳噩	賴賲鬲賵	7000	賰噩賲	2025-06-03	2025-05-01	2027-05-01	33258
97	賰丕賰丕賵 賮丕鬲丨 M10	賴賲鬲賵	500	賰噩賲	2025-06-03	2025-01-01	2027-07-01	2501290200
98	亘賷囟 亘賵丿乇	賴賲鬲賵	150	賰噩賲	2025-06-03	2025-05-01	2026-05-01	225050804
99	爻賰乇	賴賲鬲賵	5000	賰噩賲	2025-06-03	2025-05-01	2028-05-01	147
100	丿賯賷賯	賴賲鬲賵	24030	賰噩賲	2025-06-03	2025-06-01	2026-03-01	06/2025
101	賳卮丕 匕乇丞	賴賲鬲賵	300	賰噩賲	2025-06-03	2025-06-01	2027-06-01	03062025
102	毓爻賱 賳丨賱	賴賲鬲賵	240	賰噩賲	2025-06-03	2025-05-01	2027-05-01	286
103	胤毓賲 卮賵賰賵賱丕鬲丞	賴賲鬲賵	50	賰噩賲	2025-06-03	2025-06-01	2027-06-01	2025060301
104	胤毓賲 夭亘丿丞	賴賲鬲賵	50	賰噩賲	2025-06-03	2024-12-01	2026-12-01	810786
105	賰丕賰丕賵 睾丕賲賯 M50	賴賲鬲賵	1000	賰噩賲	2025-06-04	2025-01-01	2027-07-01	2501150200
106	賱亘賳 賰丕賲賱 丕賱丿爻賲	賴賲鬲賵	250	賰噩賲	2025-06-04	2025-02-01	2027-02-01	2702025NY1
107	賱賷爻賷孬賷賳	賴賲鬲賵	200	賰噩賲	2025-06-04	2024-12-01	2026-12-01	0249/24
108	賮丕賳賷賱賷丕 賰乇賷爻鬲丕賱	賴賲鬲賵	50	賰噩賲	2025-06-04	2024-11-01	2027-11-01	JL20241149
109	賮乇賰鬲賵夭	賴賲鬲賵	295	賰噩賲	2025-06-04	2025-05-01	2026-02-01	05/2025
110	賲賱丨 胤毓丕賲	賴賲鬲賵	150	賰噩賲	2025-06-04	2025-05-01	2027-05-01	05R2025A
111	氐賵丿賷賵賲	賴賲鬲賵	200	賰噩賲	2025-06-11	2025-04-01	2027-04-01	04/2025
112	丕賲賵賳賷賵賲	賴賲鬲賵	500	賰噩賲	2025-06-11	2025-01-01	2027-01-01	250108
113	賱賷爻賷孬賷賳	賴賲鬲賵	200	賰噩賲	2025-06-11	2024-09-01	2026-09-01	SB 416/24
114	卮賵乇鬲賳噩	賴賲鬲賵	7000	賰噩賲	2025-06-14	2025-06-01	2027-06-01	34753
115	丿賯賷賯	賴賲鬲賵	10000	賰噩賲	2025-06-14	2025-06-01	2026-03-01	14062025
116	賰丕賰丕賵 睾丕賲賯 M50	賴賲鬲賵	1500	賰噩賲	2025-06-16	2025-02-01	2027-08-01	2502170100
117	爻賰乇	賴賲鬲賵	10000	賰噩賲	2025-06-17	2025-05-01	2028-05-01	145
118	賰丕賰丕賵 賮丕鬲丨 M10	賴賲鬲賵	500	賰噩賲	2025-06-17	2025-01-01	2027-07-01	2501290200
119	卮賵乇鬲賳噩	賴賲鬲賵	7000	賰噩賲	2025-06-18	2025-06-01	2027-06-01	34944
120	丿賯賷賯	賴賲鬲賵	18030	賰噩賲	2025-06-18	2025-06-01	2026-03-01	06/2025
121	爻賰乇	賴賲鬲賵	10000	賰噩賲	2025-06-23	2025-05-01	2028-05-01	145
122	丿賯賷賯	賴賲鬲賵	10000	賰噩賲	2025-06-19	2025-06-01	2026-03-01	06/2025
123	卮賵乇鬲賳噩	賴賲鬲賵	7000	賰噩賲	2025-06-25	2025-06-01	2027-06-01	35818
124	丿賯賷賯	賴賲鬲賵	25000	賰噩賲	2025-06-29	2025-06-28	2026-03-01	28062025
125	爻賰乇	賴賲鬲賵	50000	賰噩賲	2025-06-29	2025-05-01	2028-05-01	145
126	爻賰乇	賴賲鬲賵	50000	賰噩賲	2025-06-29	2025-05-01	2028-05-01	145
127	賮乇賰鬲賵夭	賴賲鬲賵	3300	賰噩賲	2025-06-29	2025-06-29	2026-03-01	P14101/2025/05
128	賮丕賳賷賱賷丕 賰乇賷爻鬲丕賱	賴賲鬲賵	225	賰噩賲	2025-06-30	2024-07-06	2027-07-05	(0524037)(0524038)
129	賱亘賳 賰丕賲賱 丕賱丿爻賲	賴賲鬲賵	1200	賰噩賲	2025-06-30	2025-02-20	2026-08-19	270225NY1
130	賱亘賳 賲賳夭賵毓	賴賲鬲賵	2000	賰噩賲	2025-06-30	2024-08-13	2026-08-12	44035
131	賳卮丕 匕乇丞	賴賲鬲賵	3500	賰噩賲	2025-06-30	2025-05-01	2027-05-01	3010-25-20
132	亘賷囟 亘賵丿乇	賴賲鬲賵	405	賰噩賲	2025-06-30	2025-06-01	2026-06-01	225061602
133	賰丕賰丕賵 睾丕賲賯 M50	賴賲鬲賵	1000	賰噩賲	2025-07-01	2025-01-01	2027-01-01	2501150200
134	賰丕賰丕賵 賮丕鬲丨 M10	賴賲鬲賵	1000	賰噩賲	2025-07-01	2025-03-01	2027-09-01	2503130100
135	氐賵丿賷賵賲	賴賲鬲賵	800	賰噩賲	2025-07-02	2025-03-01	2027-03-01	03/2025
136	丕賲賵賳賷賵賲	賴賲鬲賵	1500	賰噩賲	2025-07-02	2025-03-01	2027-03-01	250310
137	卮賵乇鬲賳噩	賴賲鬲賵	3500	賰噩賲	2025-07-05	2025-06-01	2027-06-01	35993
138	毓賱亘 賲丕賰爻 1 爻丕丿丞	賴賲鬲賵	5400	毓賱亘丞	2025-07-05	2025-06-01		
139	胤毓賲 卮賵賰賵賱丕鬲丞	賴賲鬲賵	75	賰噩賲	2025-07-06	2025-06-01	2027-06-01	2025062917
140	賲賱丨 胤毓丕賲	賴賲鬲賵	75	賰噩賲	2025-07-06	2025-05-01	2027-05-01	05R2025A
141	卮賵乇鬲賳噩	賴賲鬲賵	3500	賰噩賲	2025-07-06	2025-07-01	2027-07-01	36575
142	賰丕賰丕賵 賮丕鬲丨 M10	賴賲鬲賵	1000	賰噩賲	2025-07-07	2025-03-01	2027-09-01	2503130100
143	賰丕賰丕賵 睾丕賲賯 M50	賴賲鬲賵	1000	賰噩賲	2025-07-07	2025-01-01	2027-01-01	2501150200
144	丿賯賷賯	賴賲鬲賵	10000	賰噩賲	2025-07-07	2025-07-01	2026-04-01	07072025
145	胤毓賲 夭亘丿丞	賴賲鬲賵	30	賰噩賲	2025-07-08	2024-12-01	2026-12-01	810786
146	卮乇卮 賱亘賳	賴賲鬲賵	100	賰噩賲	2025-07-08	2024-12-01	2026-12-01	02122024
147	胤毓賲 賱亘賳	賴賲鬲賵	50	賰噩賲	2025-07-08	2024-08-01	2026-08-01	17362193
148	卮賵乇鬲賳噩	賴賲鬲賵	7000	賰噩賲	2025-07-08	2025-07-01	2027-07-01	36576
149	爻賰乇	賴賲鬲賵	10000	賰噩賲	2025-07-08	2025-05-01	2028-05-01	145
150	丿賯賷賯	賴賲鬲賵	10000	賰噩賲	2025-07-09	2025-07-01	2026-04-01	09072025
151	爻賰乇	賴賲鬲賵	10000	賰噩賲	2025-07-10	2025-06-01	2028-06-01	06/2025
152	亘賷乇賵賮賵爻賮丕鬲	賴賲鬲賵	10	賰噩賲	2025-07-10	2024-08-01	2026-08-01	20240821
153	丿賯賷賯	賴賲鬲賵	20000	賰噩賲	2025-07-12	2025-07-01	2026-04-01	07/2025
154	賰丕賰丕賵 賮丕鬲丨 M10	賴賲鬲賵	1000	賰噩賲	2025-07-13	2025-03-01	2027-09-01	2503130100
155	賰丕賰丕賵 睾丕賲賯 M50	賴賲鬲賵	1000	賰噩賲	2025-07-13	2025-01-01	2027-01-01	2501150200
156	卮賵乇鬲賳噩	賴賲鬲賵	7000	賰噩賲	2025-07-12	2025-07-01	2027-07-01	37225
157	爻賰乇	賴賲鬲賵	5000	賰噩賲	2025-07-14	2025-06-01	2028-06-01	06/2025
158	賰丕賰丕賵 睾丕賲賯 RB9011	賴賲鬲賵	500	賰噩賲	2025-07-17	2025-01-01	2027-01-01	250103
159	賱亘賳 賲賳夭賵毓	賴賲鬲賵	300	賰噩賲	2025-07-17	2024-08-13	2026-08-12	44031
160	賱亘賳 賰丕賲賱 丕賱丿爻賲	賴賲鬲賵	200	賰噩賲	2025-07-17	2024-09-01	2026-09-01	301123NY11
161	卮賵乇鬲賳噩	賴賲鬲賵	3500	賰噩賲	2025-07-19	2025-07-01	2027-07-01	37232
162	卮賵乇鬲賳噩	賴賲鬲賵	3500	賰噩賲	2025-07-19	2025-07-01	2027-07-01	37226
163	丿賯賷賯	賴賲鬲賵	20000	賰噩賲	2025-07-21	2025-07-01	2026-04-01	07/2025
164	爻賰乇	賴賲鬲賵	10000	賰噩賲	2025-07-24	2025-06-01	2028-06-01	06/2025
165	丕賲賵賳賷賵賲	賴賲鬲賵	150	賰噩賲	2025-07-27	2025-01-01	2027-01-01	250108
166	丕賲賵賳賷賵賲	賴賲鬲賵	150	賰噩賲	2025-07-27	2024-08-01	2026-08-01	20240917
167	氐賵丿賷賵賲	賴賲鬲賵	225	賰噩賲	2025-07-27	2025-04-01	2026-04-01	04/2025
168	賰丕賰丕賵 賮丕鬲丨 M10	賴賲鬲賵	1000	賰噩賲	2025-07-27	2025-03-01	2027-09-01	2503130100
169	賰丕賰丕賵 睾丕賲賯 M50	賴賲鬲賵	1000	賰噩賲	2025-07-27	2025-01-01	2027-01-01	2501150200
170	亘賷囟 亘賵丿乇	賴賲鬲賵	210	賰噩賲	2025-07-27	2025-07-01	2026-07-01	225071401
171	丿賯賷賯	賴賲鬲賵	10000	賰噩賲	2025-07-27	2025-07-01	2026-04-01	07/2025
172	爻賰乇	賴賲鬲賵	5000	賰噩賲	2025-07-28	2025-06-01	2028-06-01	06/2025
173	爻賰乇	賴賲鬲賵	5000	賰噩賲	2025-07-28	2025-06-01	2028-06-01	06/2025
174	卮賵乇鬲賳噩	賴賲鬲賵	10000	賰噩賲	2025-07-28	2025-07-01	2027-07-01	37983
175	丿賯賷賯	賴賲鬲賵	10000	賰噩賲	2025-07-29	2025-07-01	2026-04-01	07/2025
176	卮賵乇鬲賳噩	賴賲鬲賵	4400	賰噩賲	2025-07-30	2025-07-01	2027-07-01	38144
177	賮乇賰鬲賵夭	賴賲鬲賵	4970	賰噩賲	2025-07-30	2025-07-01	2026-04-01	FCS-210-2025/1
178	丕賲賵賳賷賵賲	賴賲鬲賵	1500	賰噩賲	2025-07-30	2025-03-01	2027-03-01	250310
179	賱亘賳 賲賳夭賵毓	賴賲鬲賵	1500	賰噩賲	2025-07-30	2024-08-01	2026-08-01	44034
180	賮丕賳賷賱賷丕 賰乇賷爻鬲丕賱	賴賲鬲賵	150	賰噩賲	2025-07-30	2024-07-01	2027-07-01	0524037
181	亘賷囟 亘賵丿乇	賴賲鬲賵	270	賰噩賲	2025-07-30	2025-07-01	2026-07-01	225071401
182	賱亘賳 賰丕賲賱 丕賱丿爻賲	賴賲鬲賵	1000	賰噩賲	2025-07-30	2025-02-20	2026-08-19	270225NY1
183	賱賷爻賷孬賷賳	賴賲鬲賵	200	賰噩賲	2025-07-30	2024-09-01	2026-09-01	SB 416/24
184	丿賯賷賯	賴賲鬲賵	1000	賰噩賲	2025-07-30	2025-07-01	2026-04-01	07/2025
185	爻賰乇	賴賲鬲賵	5000	賰噩賲	2025-07-30	2025-05-01	2028-05-01	05/2025
186	卮賵乇鬲賳噩	賴賲鬲賵	6000	賰噩賲	2025-07-31	2025-07-01	2027-07-01	38269
187	賳卮丕 匕乇丞	賴賲鬲賵	5000	賰噩賲	2025-07-31	2025-07-01	2027-07-01	3010-25-25
188	爻賰乇	賴賲鬲賵	5000	賰噩賲	2025-08-04	2025-05-01	2028-05-01	24052025
189	爻賰乇	賴賲鬲賵	5000	賰噩賲	2025-08-07	2025-05-01	2028-05-01	24052025
190	賰丕賰丕賵 睾丕賲賯 RB9011	賴賲鬲賵	475	賰噩賲	2025-08-07	2025-02-01	2027-02-01	250207
191	胤毓賲 卮賵賰賵賱丕鬲丞	賴賲鬲賵	25	賰噩賲	2025-08-07	2025-07-01	2027-07-01	2025072805
192	卮乇卮 賱亘賳	賴賲鬲賵	75	賰噩賲	2025-08-07	2024-12-01	2026-12-01	02122024
193	賲賱丨 胤毓丕賲	賴賲鬲賵	150	賰噩賲	2025-08-07	2025-07-01	2027-07-01	07RI2025A
194	丿賯賷賯	賴賲鬲賵	18000	賰噩賲	2025-08-09	2025-08-01	2026-05-01	08/2025
195	賰丕賰丕賵 睾丕賲賯 M50	賴賲鬲賵	2000	賰噩賲	2025-08-09	2025-02-01	2027-08-01	2502160100
196	賰丕賰丕賵 賮丕鬲丨 M10	賴賲鬲賵	2000	賰噩賲	2025-08-10	2025-03-01	2027-09-01	2503130100
197	胤毓賲 卮賵賰賵賱丕鬲丞	賴賲鬲賵	25	賰噩賲	2025-08-10	2025-07-01	2027-07-01	2025072805
198	賰丕賰丕賵 睾丕賲賯 RB9011	賴賲鬲賵	25	賰噩賲	2025-08-10	2025-02-01	2027-02-01	250207
199	胤毓賲 賱亘賳 賲賰孬賮	賴賲鬲賵	25	賰噩賲	2025-08-10	2025-08-01	2026-08-01	10080120
200	卮賵乇鬲賳噩	賴賲鬲賵	7000	賰噩賲	2025-08-11	2025-08-01	2027-08-01	38705
201	賮丕賳賷賱賷丕 賰乇賷爻鬲丕賱	賴賲鬲賵	50	賰噩賲	2025-08-11	2025-03-01	2028-03-01	JL20250340
202	賲賱丨 胤毓丕賲	賴賲鬲賵	200	賰噩賲	2025-08-11	2025-07-01	2027-07-01	07RI2025A
203	賱亘賳 賰丕賲賱 丕賱丿爻賲	賴賲鬲賵	200	賰噩賲	2025-08-11	2025-02-20	2026-08-19	270225NY1
204	賰丕賰丕賵 睾丕賲賯 M50	賴賲鬲賵	1000	賰噩賲	2025-08-12	2025-03-01	2027-09-01	2503070300
205	丿賯賷賯	賴賲鬲賵	24950	賰噩賲	2025-08-12	2025-08-01	2026-05-01	08/2025
206	賳卮丕 匕乇丞	賴賲鬲賵	500	賰噩賲	2025-08-14	2025-07-01	2027-07-01	3010-25-25
207	卮賵乇鬲賳噩	賴賲鬲賵	7000	賰噩賲	2025-08-14	2025-08-01	2027-08-01	38705
208	噩賱賵賰賵夭	賴賲鬲賵	900	賰噩賲	2025-08-14	2025-08-01	2026-05-01	08/2025
209	丿賯賷賯	賴賲鬲賵	10000	賰噩賲	2025-08-16	2025-08-01	2026-05-01	16/08/2025
210	丿賯賷賯	賴賲鬲賵	29950	賰噩賲	2025-08-19	2025-08-01	2026-05-01	08/2025
211	爻賰乇	賴賲鬲賵	5000	賰噩賲	2025-08-19	2025-07-01	2028-07-01	07/2025
212	賰丕賰丕賵 睾丕賲賯 M50	賴賲鬲賵	1000	賰噩賲	2025-08-19	2025-05-01	2027-11-01	2505210100
213	賱亘賳 賲賳夭賵毓	賴賲鬲賵	1000	賰噩賲	2025-08-18	2025-02-01	2027-02-01	037252
214	丿賯賷賯	賴賲鬲賵	9000	賰噩賲	2025-08-18	2025-08-01	2026-05-01	08/2025
215	卮賵乇鬲賳噩	賴賲鬲賵	7000	賰噩賲	2025-08-18	2025-08-01	2027-08-01	38661
216	爻賰乇	賴賲鬲賵	5000	賰噩賲	2025-08-17	2025-07-01	2028-07-01	07/2025
217	丿賯賷賯	賴賲鬲賵	10050	賰噩賲	2025-08-17	2025-08-01	2026-05-01	08/2025
218	爻賰乇	賴賲鬲賵	5000	賰噩賲	2025-08-18	2025-07-01	2028-07-01	07/2025
219	爻賰乇	賴賲鬲賵	5000	賰噩賲	2025-08-19	2025-07-01	2028-07-01	07/2025
220	卮賵乇鬲賳噩	賴賲鬲賵	7000	賰噩賲	2025-08-21	2025-08-01	2027-08-01	39207
221	賮乇賰鬲賵夭	賴賲鬲賵	4900	賰噩賲	2025-08-24	2025-08-01	2026-05-01	FCS-236-2025/1
222	爻賰乇	賴賲鬲賵	5000	賰噩賲	2025-08-24	2025-08-01	2028-08-01	213
223	爻賰乇	賴賲鬲賵	5000	賰噩賲	2025-08-24	2025-07-01	2028-07-01	212
224	卮賵乇鬲賳噩	賴賲鬲賵	7000	賰噩賲	2025-08-25	2025-08-01	2027-08-01	39865
225	氐賵丿賷賵賲	賴賲鬲賵	500	賰噩賲	2025-08-26	2025-04-01	2026-04-01	04/2025
226	丕賲賵賳賷賵賲	賴賲鬲賵	1000	賰噩賲	2025-08-26	2025-06-01	2027-06-01	250602
227	丿賯賷賯	賴賲鬲賵	10000	賰噩賲	2025-08-26	2025-08-01	2026-05-01	08/2025
228	賮丕賳賷賱賷丕 賰乇賷爻鬲丕賱	賴賲鬲賵	2000	賰噩賲	2025-08-26	2023-12-01	2026-12-01	JL20231208
229	賰丕賰丕賵 賮丕鬲丨 M10	賴賲鬲賵	1500	賰噩賲	2025-08-27	2025-06-01	2027-06-01	2506070100
230	賱賷爻賷孬賷賳	賴賲鬲賵	200	賰噩賲	2025-08-27	2025-02-01	2027-02-01	850106137
231	爻賰乇	賴賲鬲賵	5000	賰噩賲	2025-08-27	2025-07-01	2028-07-01	09072025
232	亘賷囟 亘賵丿乇	賴賲鬲賵	300	賰噩賲	2025-08-27	2025-08-01	2026-08-01	225081004
233	賰丕賰丕賵 睾丕賲賯 RB9011	賴賲鬲賵	600	賰噩賲	2025-08-27	2025-02-01	2027-02-01	250207
234	賰丕賰丕賵 賮丕鬲丨 M10	賴賲鬲賵	500	賰噩賲	2025-08-27	2025-03-01	2027-09-01	2503130100
235	賱亘賳 賰丕賲賱 丕賱丿爻賲	賴賲鬲賵	500	賰噩賲	2025-08-27	2025-02-01	2027-02-01	270225NY1
236	胤毓賲 卮賵賰賵賱丕鬲丞	賴賲鬲賵	75	賰噩賲	2025-08-27	2025-08-01	2027-08-01	2025022501
237	卮賵乇鬲賳噩	賴賲鬲賵	7000	賰噩賲	2025-08-28	2025-08-01	2027-08-01	40100
238	賳卮丕 匕乇丞	賴賲鬲賵	2000	賰噩賲	2025-08-28	2025-07-01	2027-07-01	3010-25-27
239	賰丕賰丕賵 睾丕賲賯 M40	賴賲鬲賵	2000	賰噩賲	2025-08-28	2025-05-01	2027-11-01	2505210100
240	毓爻賱 賳丨賱	賴賲鬲賵	390	賰噩賲	2025-08-28	2025-08-01	2027-08-01	B302
241	賳卮丕 匕乇丞	賴賲鬲賵	3000	賰噩賲	2025-08-30	2025-07-01	2027-07-01	28082025
242	賱亘賳 賲賳夭賵毓	賴賲鬲賵	2000	賰噩賲	2025-08-30	2025-01-01	2027-01-01	4225032101
243	丿賯賷賯	賴賲鬲賵	10000	賰噩賲	2025-08-30	2025-08-01	2026-05-01	08/2025
244	賰乇鬲賵賳 賲丕賰爻 1 爻丕丿丞	賴賲鬲賵	12560	賰乇鬲賵賳丞	2025-08-30	2025-07-01	1999-12-31	
245	丿賯賷賯	賴賲鬲賵	10000	賰噩賲	2025-08-31	2025-08-01	2026-05-01	08/2025
246	爻賰乇	賴賲鬲賵	10000	賰噩賲	2025-09-01	2025-07-01	2028-07-01	09072025
247	卮賵乇鬲賳噩	賴賲鬲賵	7000	賰噩賲	2025-09-01	2025-08-01	2027-08-01	40520
248	胤毓賲 賱亘賳 賲賰孬賮	賴賲鬲賵	25	賰噩賲	2025-09-02	2025-08-01	2026-08-01	10080120
249	賱賷爻賷孬賷賳	賴賲鬲賵	500	賰噩賲	2025-09-10	2025-02-01	2027-02-01	BS0106137
250	胤毓賲 夭亘丿丞	賴賲鬲賵	35	賰噩賲	2025-09-10	2024-12-01	2026-12-01	810786
251	賲賱丨 胤毓丕賲	賴賲鬲賵	400	賰噩賲	2025-09-10	2025-08-01	2028-08-01	08RI025A
252	賱亘賳 賰丕賲賱 丕賱丿爻賲	賴賲鬲賵	500	賰噩賲	2025-09-10	2025-03-01	2027-03-01	170325NY1
253	夭賷鬲	賴賲鬲賵	100	賰噩賲	2025-09-10	2025-08-01	2027-08-01	RMP23-25
254	賱亘賳 賲賳夭賵毓	賴賲鬲賵	1500	賰噩賲	2025-09-10	2025-02-01	2027-02-01	PR25087001
255	胤毓賲 賮乇丕賵賱丞	賴賲鬲賵	10	賰噩賲	2025-09-14	2025-08-01	2026-08-01	10080047
256	胤毓賲 鬲賮丕丨 丕禺囟乇	賴賲鬲賵	15	賰噩賲	2025-09-14	2025-08-01	2026-08-01	10080032
257	胤毓賲 賲賵夭	賴賲鬲賵	10	賰噩賲	2025-09-14	2025-01-01	2026-01-01	103035
258	胤毓賲 卮賵賰賵賱丕鬲丞 亘賳丿賯	賴賲鬲賵	23	賰噩賲	2025-09-14	2025-04-01	2026-04-01	10080012
259	丿賯賷賯	賴賲鬲賵	19900	賰噩賲	2025-09-14	2025-09-01	2026-06-01	09/2025
260	卮賵乇鬲賳噩	賴賲鬲賵	7000	賰噩賲	2025-09-15	2025-09-01	2027-09-01	41276
261	賰丕賰丕賵 賮丕鬲丨	賴賲鬲賵	50	賰噩賲	2025-09-15	2025-01-01	2027-01-01	250148532
262	爻鬲乇賷賰 丕爻賷丿	賴賲鬲賵	10	賰噩賲	2025-09-15	2025-04-01	2028-03-01	1AX25030019
263	賰丕賰丕賵 賮丕鬲丨 M10	賴賲鬲賵	500	賰噩賲	2025-09-16	2025-03-01	2027-09-01	2503130100
264	卮賵賰賵賱賵乇 丕丨賲乇	賴賲鬲賵	15	賰噩賲	2025-09-17	2025-07-01	2026-07-01	1130
265	賰賱賵乇賵賮賷賱	賴賲鬲賵	30	賰噩賲	2025-09-17	2025-09-01	2026-09-01	1273
266	賰賵乇賰賵賲賷賳	賴賲鬲賵	5	賰噩賲	2025-09-17	2025-03-01	2026-03-01	826
267	賮乇賰鬲賵夭	賴賲鬲賵	4100	賰噩賲	2025-09-18	2025-09-01	2026-06-01	FCS-260-2025/3
268	賳卮丕 匕乇丞	賴賲鬲賵	1500	賰噩賲	2025-09-18	2025-09-01	2027-09-01	12092025
269	爻賰乇	賴賲鬲賵	5000	賰噩賲	2025-09-18	2025-08-01	2028-08-01	08/2025
270	丿賯賷賯	賴賲鬲賵	10000	賰噩賲	2025-09-18	2025-09-01	2026-06-01	09/2025
271	卮賵乇鬲賳噩	賴賲鬲賵	7000	賰噩賲	2025-09-18	2025-09-01	2027-09-01	41325
272	爻賰乇	賴賲鬲賵	5000	賰噩賲	2025-09-21	2025-05-01	2028-05-01	19052025
273	爻賰乇	賴賲鬲賵	5000	賰噩賲	2025-09-21	2025-05-01	2028-05-01	19052025
274	丿賯賷賯	賴賲鬲賵	10000	賰噩賲	2025-09-21	2025-09-01	2026-06-01	09/2025
275	賰丕賰丕賵 睾丕賲賯 RB9011	賴賲鬲賵	1000	賰噩賲	2025-09-22	2025-02-01	2027-02-01	250207
276	卮賵乇鬲賳噩	賴賲鬲賵	7000	賰噩賲	2025-09-22	2025-09-01	2027-09-01	41748
277	爻賰乇	賴賲鬲賵	10000	賰噩賲	2025-09-22	2025-05-01	2028-05-01	20052025
278	夭賷鬲	賴賲鬲賵	750	賰噩賲	2025-09-22	2025-09-01	2027-09-01	RMP24-25
279	丿賯賷賯	賴賲鬲賵	10000	賰噩賲	2025-09-23	2025-09-01	2026-06-01	23/09/2025
280	卮賵乇鬲賳噩	賴賲鬲賵	7000	賰噩賲	2025-09-24	2025-09-01	2027-09-01	41748
281	胤毓賲 卮賵賰賵賱丕鬲丞 亘賳丿賯	賴賲鬲賵	10	賰噩賲	2025-09-24	2025-09-01	2026-09-01	10080015
282	爻賰乇	賴賲鬲賵	10000	賰噩賲	2025-09-25	2025-05-01	2028-05-01	20052025
283	丿賯賷賯	賴賲鬲賵	20000	賰噩賲	2025-09-25	2025-09-01	2026-06-01	09/2025
284	胤毓賲 卮賵賰賵賱丕鬲丞 亘賳丿賯	賴賲鬲賵	25	賰噩賲	2025-09-25	2025-09-01	2026-09-01	10080122
285	賰丕賰丕賵 睾丕賲賯 RB9011	賴賲鬲賵	1000	賰噩賲	2025-10-07	2025-02-01	2027-02-01	250207
286	卮賵乇鬲賳噩	賴賲鬲賵	1400	賰噩賲	2025-10-07	2025-09-01	2027-09-01	42367
287	賰丕賰丕賵 賮丕鬲丨	賴賲鬲賵	500	賰噩賲	2025-10-07	2025-03-01	2027-03-01	250758432
288	賮丕賳賷賱賷丕 賰乇賷爻鬲丕賱	賴賲鬲賵	200	賰噩賲	2025-10-08	2025-03-01	2028-03-01	JL20250340
289	賱亘賳 賲賳夭賵毓	賴賲鬲賵	1000	賰噩賲	2025-10-08	2025-02-01	2027-02-01	PR25087001
290	丕賲賵賳賷賵賲	賴賲鬲賵	300	賰噩賲	2025-10-08	2025-05-01	2027-05-01	20250513
291	賱賷爻賷孬賷賳	賴賲鬲賵	200	賰噩賲	2025-10-08	2025-02-01	2027-02-01	BS0106137
292	氐賵丿賷賵賲	賴賲鬲賵	700	賰噩賲	2025-10-08	2025-07-01	2027-07-01	07/2025
293	卮賵乇鬲賳噩	賴賲鬲賵	1000	賰噩賲	2025-10-01	2025-09-01	2027-09-01	42367
294	噩賱賵賰賵夭	賴賲鬲賵	900	賰噩賲	2025-10-11	2025-10-01	2026-07-01	10/2025
295	卮賵乇鬲賳噩	賴賲鬲賵	7000	賰噩賲	2025-10-11	2025-10-01	2027-10-01	73580
296	賳卮丕 匕乇丞	賴賲鬲賵	3000	賰噩賲	2025-10-11	2025-10-01	2027-10-01	10/2025
297	爻賰乇	賴賲鬲賵	10000	賰噩賲	2025-10-13	2025-08-01	2028-08-01	08/2025
298	亘賷乇賵賮賵爻賮丕鬲	賴賲鬲賵	25	賰噩賲	2025-10-13	2024-08-01	2026-08-01	2024082601
299	毓爻賱 賳丨賱	賴賲鬲賵	360	賰噩賲	2025-10-13	2025-10-01	2027-10-01	B309
300	賰丕賰丕賵 賮丕鬲丨 賮乇賳爻賷	賴賲鬲賵	800	賰噩賲	2025-10-13	2025-03-01	2027-03-01	250758432
301	賱亘賳 賰丕賲賱 丕賱丿爻賲	賴賲鬲賵	500	賰噩賲	2025-10-13	2025-03-01	2027-03-01	170325NY1
302	胤毓賲 卮賵賰賵賱丕鬲丞	賴賲鬲賵	25	賰噩賲	2025-10-13	2025-10-01	2027-10-01	2025100505
303	胤毓賲 賱亘賳	賴賲鬲賵	50	賰噩賲	2025-10-13	2025-08-01	2026-08-01	18629669
304	胤毓賲 夭亘丿丞	賴賲鬲賵	120	賰噩賲	2025-10-13	2024-12-01	2026-12-01	810786
305	胤毓賲 賱亘賳 賲賰孬賮	賴賲鬲賵	50	賰噩賲	2025-10-13	2025-09-01	2026-09-01	10080122
306	亘賷囟 亘賵丿乇	賴賲鬲賵	350	賰噩賲	2025-10-13	2025-08-01	2027-02-01	P15217-2W01
307	丿賯賷賯	賴賲鬲賵	10000	賰噩賲	2025-10-13	2025-10-01	2026-07-01	10/2025
308	丿賯賷賯	賴賲鬲賵	10000	賰噩賲	2025-10-14	2025-10-01	2026-07-01	10/2025
309	爻賰乇	賴賲鬲賵	5000	賰噩賲	2025-10-14	2025-08-01	2028-08-01	08/2025
310	賰丕賰丕賵 睾丕賲賯 M50	賴賲鬲賵	1000	賰噩賲	2025-10-14	2025-02-01	2027-08-01	2502080100
311	爻賰乇	賴賲鬲賵	5000	賰噩賲	2025-10-15	2025-08-01	2028-08-01	08/2025
312	卮賵乇鬲賳噩	賴賲鬲賵	7000	賰噩賲	2025-10-15	2025-10-01	2027-10-01	44141
313	爻賰乇	賴賲鬲賵	5000	賰噩賲	2025-10-16	2025-08-01	2028-08-01	08/2025
314	賲賱丨 胤毓丕賲	賴賲鬲賵	400	賰噩賲	2025-10-16	2025-10-01	2027-10-01	10RI025A
315	丿賯賷賯	賴賲鬲賵	20000	賰噩賲	2025-10-18	2025-10-01	2026-07-01	10/2025
316	賰丕賰丕賵 睾丕賲賯 RB9011	賴賲鬲賵	1000	賰噩賲	2025-10-18	2025-02-01	2027-02-01	250209
317	毓爻賱 賳丨賱	賴賲鬲賵	60	賰噩賲	2025-10-18	2025-10-01	2027-10-01	B309
318	S.M.S	賴賲鬲賵	25	賰噩賲	2025-10-18	2025-03-01	2027-03-01	4500
319	賳卮丕 匕乇丞	賴賲鬲賵	2000	賰噩賲	2025-10-20	2025-10-01	2027-10-01	20102025
320	丿賯賷賯	賴賲鬲賵	20000	賰噩賲	2025-10-22	2025-10-01	2026-07-01	10/2025
321	卮賵乇鬲賳噩	賴賲鬲賵	6000	賰噩賲	2025-10-23	2025-10-01	2027-10-01	44826
322	丿賯賷賯	賴賲鬲賵	10000	賰噩賲	2025-10-23	2025-10-01	2026-07-01	10/2025
323	胤毓賲 卮賵賰賵賱丕鬲丞 亘賳丿賯	賴賲鬲賵	5	賰噩賲	2025-10-23	2025-09-01	2026-09-01	10080015
324	卮賵乇鬲賳噩	賴賲鬲賵	7000	賰噩賲	2025-10-20	2025-10-01	2026-10-01	44659
325	賱亘賳 賲賳夭賵毓	賴賲鬲賵	2000	賰噩賲	2025-10-26	2025-02-01	2027-02-01	PR25087001
326	賰丕賰丕賵 賮丕鬲丨 M10	賴賲鬲賵	1000	賰噩賲	2025-10-26	2025-06-01	2027-12-01	2506070100
327	爻賰乇	賴賲鬲賵	5000	賰噩賲	2025-10-26	2025-05-01	2028-05-01	05/2025
328	丿賯賷賯	賴賲鬲賵	20000	賰噩賲	2025-10-26	2025-10-01	2026-07-01	10/2025
329	亘賷囟 亘賵丿乇	賴賲鬲賵	400	賰噩賲	2025-10-26	2025-08-01	2026-02-01	P15217-2W01
330	卮賵乇鬲賳噩	賴賲鬲賵	7000	賰噩賲	2025-10-26	2025-10-01	2027-10-01	44827
331	賳卮丕 匕乇丞	賴賲鬲賵	6000	賰噩賲	2025-10-26	2025-10-01	2027-10-01	19102025
332	賮丕賳賷賱賷丕 賰乇賷爻鬲丕賱	賴賲鬲賵	250	賰噩賲	2025-10-26	2025-05-01	2028-05-01	JL20250538
333	賮乇賰鬲賵夭	賴賲鬲賵	5280	賰噩賲	2025-10-27	2025-10-01	2026-07-01	FCS-300-2025/1
334	噩賱賵賰賵夭	賴賲鬲賵	1200	賰噩賲	2025-10-28	2025-10-01	2026-07-01	SG83-300-2025/3
335	賱亘賳 賰丕賲賱	賴賲鬲賵	1500	賰噩賲	2025-10-28	2025-03-01	2026-09-01	170305 NY1
336	卮賵乇鬲賳噩	賴賲鬲賵	7000	賰噩賲	2025-10-29	2025-10-01	2027-10-01	44827
337	毓爻賱 賳丨賱	賴賲鬲賵	200	賰噩賲	2025-10-29	2025-10-01	2027-10-01	B 312
338	賰丕賰丕賵 睾丕賲賯 丕爻亘丕賳賷	賴賲鬲賵	1000	賰噩賲	2025-10-29	2025-02-01	2027-08-01	2502080100
339	賰丕賰丕賵 賮丕鬲丨	賴賲鬲賵	1000	賰噩賲	2025-10-29	2025-06-01	2027-12-01	2506070100
340	丿賯賷賯	賴賲鬲賵	40000	賰噩賲	2025-10-29	2025-10-01	2026-07-01	29102025
341	賱賷爻賷孬賷賳	賴賲鬲賵	200	賰噩賲	2025-11-02	2025-07-01	2026-07-01	102/25
342	爻賰乇禺丕賲	賴賲鬲賵	10000	賰噩賲	2025-11-04	2025-05-01	2028-05-01	26052025
343	賲賰爻亘 胤毓賲 鬲賮丕丨 丕禺囟乇	賴賲鬲賵	13	賰噩賲	2025-11-04	2025-08-01	2026-08-01	10080032
344	卮賵乇鬲賷賳噩	賴賲鬲賵	7000	賰噩賲	2025-11-03	2025-10-01	2027-10-01	45274
345	賲賰爻亘 胤毓賲 賮乇丕賵賱丞	賴賲鬲賵	5	賰噩賲	2025-11-04	2025-08-01	2026-08-01	10080047
346	卮賵賰賵賱賵乇 丕丨賲乇	賴賲鬲賵	12	賰噩賲	2025-11-04	2025-10-01	2026-10-01	1393
347	賲賰爻亘 胤毓賲 卮賵賰賵賱丕鬲丞 亘賳丿賯	賴賲鬲賵	2	賰噩賲	2025-11-04	2025-09-01	2026-09-01	10080015
348	賲賰爻亘 胤毓賲 賲賵夭	賴賲鬲賵	5	賰噩賲	2025-11-04	2025-10-01	2026-10-01	103200
349	賱賵賳 賰賱賵乇賵賮賷賱	賴賲鬲賵	12	賰噩賲	2025-11-04	2025-09-01	2026-09-01	1331
350	賲賱丨 胤毓丕賲	賴賲鬲賵	200	賰噩賲	2025-11-02	2025-10-01	2027-10-01	10R1025A
351	胤毓賲 卮賵賰賵賱丕鬲丞	賴賲鬲賵	75	賰噩賲	2025-11-05	2025-10-01	2027-10-01	2025102704
352	賱賷爻賷孬賷賳	賴賲鬲賵	200	賰噩賲	2025-11-05	2025-07-01	2027-07-01	111/25
353	丿賯賷賯	賴賲鬲賵	20000	賰噩賲	2025-11-06	2025-10-01	2026-07-01	10/2025
354	卮賵乇鬲賳噩	賴賲鬲賵	7000	賰噩賲	2025-11-08	2025-11-01	2027-11-01	46101
355	賰丕賰丕賵 睾丕賲賯 丕爻亘丕賳賷	賴賲鬲賵	1000	賰噩賲	2025-11-08	2025-02-01	2027-08-01	2502080100
356	賰丕賰丕賵 賮丕鬲丨	賴賲鬲賵	1000	賰噩賲	2025-11-08	2025-06-01	2027-12-01	2506070100
357	賱亘賳 賲賳夭賵毓	賴賲鬲賵	2000	賰噩賲	2025-11-08	2025-02-01	2027-02-01	PR25087001
358	胤毓賲 賱亘賳 賲賰孬賮	賴賲鬲賵	10	賰噩賲	2025-11-09	2025-09-01	2026-09-01	10080122
359	卮賵乇鬲賳噩	賴賲鬲賵	7000	賰噩賲	2025-11-10	2025-11-01	2027-11-01	46969
360	丿賯賷賯	賴賲鬲賵	20000	賰噩賲	2025-11-11	2025-11-01	2026-08-01	11/2025
361	爻賰乇禺丕賲	賴賲鬲賵	10000	賰噩賲	2025-11-11	2025-05-01	2028-05-01	26052025
362	丿賯賷賯	賴賲鬲賵	20000	賰噩賲	2025-11-13	2025-11-01	2026-08-01	11/2025
363	卮賵乇鬲賳噩	賴賲鬲賵	7000	賰噩賲	2025-11-13	2025-11-01	2027-11-01	46970
364	賰丕賰丕賵 睾丕賲賯 丕爻亘丕賳賷	賴賲鬲賵	1000	賰噩賲	2025-11-13	2025-02-01	2027-08-01	2502080100
365	賰丕賰丕賵 賮丕鬲丨	賴賲鬲賵	1000	賰噩賲	2025-11-13	2025-06-01	2027-12-01	2506070100
366	爻賰乇禺丕賲	賴賲鬲賵	10000	賰噩賲	2025-11-17	2025-05-01	2028-05-01	26052025
367	丿賯賷賯	賴賲鬲賵	20000	賰噩賲	2025-11-17	2025-11-01	2026-08-01	11/2025
368	卮賵乇鬲賳噩	賴賲鬲賵	7000	賰噩賲	2025-11-23	2025-11-01	2027-11-01	47375
369	爻賰乇	賴賲鬲賵	5000	賰噩賲	2025-11-24	2025-05-01	2028-05-01	05/2025
370	賰丕賰丕賵 睾丕賲賯 RB9011	賴賲鬲賵	1000	賰噩賲	2025-11-25	2025-05-01	2027-05-01	250516
371	卮賵乇鬲賳噩	賴賲鬲賵	7000	賰噩賲	2025-11-26	2025-11-01	2027-11-01	47973
372	賲賱丨 胤毓丕賲	賴賲鬲賵	200	賰噩賲	2025-11-26	2025-10-01	2027-10-01	10R1025A
373	卮賵乇鬲賳噩	賴賲鬲賵	3000	賰噩賲	2025-11-26	2025-11-01	2027-11-01	47961
374	賲賰爻亘 胤毓賲 卮賵賰賵賱丕鬲丞 亘賳丿賯	賴賲鬲賵	5	賰噩賲	2025-11-26	2025-09-01	2026-09-01	10080015
375	丿賯賷賯	賴賲鬲賵	19950	賰噩賲	2025-11-26	2025-11-01	2026-08-01	11/2025
376	賰丕賰丕賵 睾丕賲賯 丕爻亘丕賳賷	賴賲鬲賵	1000	賰噩賲	2025-11-27	2025-02-01	2027-08-01	2502080100
377	賰丕賰丕賵 賮丕鬲丨	賴賲鬲賵	1000	賰噩賲	2025-11-27	2025-06-01	2027-12-01	2506070100
378	亘賷囟 亘賵丿乇	賴賲鬲賵	200	賰噩賲	2025-11-27	2025-08-01	2026-02-01	P15217-2W01
379	爻賰乇	賴賲鬲賵	10000	賰噩賲	2025-11-27	2025-05-01	2028-05-01	05/2025
380	賲賰爻亘 胤毓賲 夭亘丿丞	賴賲鬲賵	50	賰噩賲	2025-11-29	2025-11-01	2027-11-01	877229
381	賱賷爻賷孬賷賳	賴賲鬲賵	400	賰噩賲	2025-11-30	2025-08-01	2027-08-01	250825
382	賱亘賳 賲賳夭賵毓	賴賲鬲賵	1000	賰噩賲	2025-12-01	2025-02-01	2027-02-01	PR25087001
383	卮賵乇鬲賳噩	賴賲鬲賵	7000	賰噩賲	2025-12-01	2025-11-01	2027-11-01	48356
384	胤毓賲 賱亘賳 賲賰孬賮	賴賲鬲賵	50	賰噩賲	2025-12-04	2025-11-01	2026-11-01	10080125
385	毓爻賱 賳丨賱	賴賲鬲賵	200	賰噩賲	2025-12-06	2025-12-01	2027-12-01	B318
386	丿賯賷賯	賴賲鬲賵	10000	賰噩賲	2025-12-15	2025-12-01	2026-09-01	12/2025
387	卮乇卮 賱亘賳	賴賲鬲賵	200	賰噩賲	2025-12-16	2025-09-01	2027-09-01	10040925
388	丿賯賷賯	賴賲鬲賵	20000	賰噩賲	2025-12-17	2025-12-01	2026-09-01	12/2025
389	卮賵乇鬲賳噩	賴賲鬲賵	7000	賰噩賲	2025-12-22	2025-12-01	2027-12-01	50039
390	丿賯賷賯	賴賲鬲賵	10000	賰噩賲	2025-12-23	2025-12-01	2026-09-01	12/2025
391	丿賯賷賯	賴賲鬲賵	10000	賰噩賲	2025-12-25	2025-12-01	2026-09-01	12/2025
392	卮賵乇鬲賳噩 S	丕賷賲丕賳夭	50	賰噩賲	2026-01-04	2025-12-01	2026-12-01	358/25/8
393	卮賵乇鬲賳噩 H	丕賷賲丕賳夭	50	賰噩賲	2026-01-04	2025-12-01	2026-12-01	355/25/9
394	卮賵乇鬲賳噩 丕乇賲丕	丕乇賲丕	2000	賰噩賲	2026-01-05	2025-12-01	2026-12-01	51647
395	丿賯賷賯	丕賱乇丕賮丿賷賳	10000	賰噩賲	2026-01-06	2026-01-06	2026-10-01	06/01/2026
396	卮賵乇鬲賳噩 S	丕賷賲丕賳夭	50	賰噩賲	2026-01-06	2026-01-01	2027-01-01	003/26/8
397	卮賵乇鬲賳噩 H	丕賷賲丕賳夭	50	賰噩賲	2026-01-06	2026-01-01	2027-01-01	365/25/9
398	毓噩賷賳丞 亘賳丿賯 鬲乇賰賷	賲丕夭賰爻	120	賰噩賲	2026-01-06	2025-10-15	2027-04-01	5-2896
399	爻賰乇	丕賱賲鬲丨丿丞 賱賱爻賰乇	5000	賰噩賲	2026-01-07	2026-01-01	2029-01-01	26007
400	丿賯賷賯	丕賱乇丕賮丿賷賳	10000	賰噩賲	2026-01-08	2026-01-01	2026-10-01	01/2026
401	卮賵乇鬲賳噩 S	丕賷賲丕賳夭	2500	賰噩賲	2026-01-11	2026-01-01	2028-01-01	006/26/8
402	卮賵乇鬲賳噩 H	丕賷賲丕賳夭	2500	賰噩賲	2026-01-11	2026-01-01	2028-01-01	007/26/9
403	氐賵丿賷賵賲	丕賱賲丕爻賴	500	賰噩賲	2026-01-11	2025-09-01	2027-09-01	09/2025
404	卮賵乇鬲賳噩 S	丕賷賲丕賳夭	2500	賰噩賲	2026-01-13	2026-01-01	2028-01-01	006/26/8
405	卮賵乇鬲賳噩 H	丕賷賲丕賳夭	2500	賰噩賲	2026-01-13	2026-01-01	2028-01-01	010/26/9
406	卮乇卮 賱亘賳	鬲賷乇賵賮賵丿夭	1000	賰噩賲	2026-01-13	2025-10-01	2027-10-01	ESWP251071
407	賰丕賰丕賵 睾丕賲賯 GD81	丕賱賱賵鬲爻	500	賰噩賲	2026-01-13	2025-09-01	2028-09-01	152538353
408	丿賯賷賯	丕賱乇丕賮丿賷賳	25000	賰噩賲	2026-01-14	2026-01-01	2026-10-01	01/2026
409	賲賰爻亘 胤毓賲 卮賵賰賵賱丕鬲丞	噩賱賵亘丕賱 亘賷夭賳爻	100	賰噩賲	2026-01-14	2025-12-01	2027-12-01	19085660
410	賮丕賳賷賱賷丕 賰乇賷爻鬲丕賱	賰賷賵乇丕 賮丕乇賲丕	100	賰噩賲	2026-01-14	2025-06-01	2028-06-01	JL20250632
411	亘丿賷賱 夭亘丿丞 丨卮賵	丕賱噩乇爻	2125	賰噩賲	2026-01-15	2025-01-01	2027-01-01	CKR25024
412	賰丕賰丕賵 睾丕賲賯 RB9011	丕賱噩乇爻	1000	賰噩賲	2026-01-15	2025-05-01	2027-05-01	250516
413	胤毓賲 鬲賮丕丨 丕禺囟乇	賲賷賮丕丿	19	賰噩賲	2026-01-21	2025-08-01	2026-08-01	10080032
414	賱賵賳 賰賱賵乇賵賮賷賱	賲賷賮丕丿	36	賰噩賲	2026-01-21	2026-01-01	2027-01-01	1575
415	胤毓賲 卮賵賰賵賱丕鬲丞 亘賳丿賯	賲賷賮丕丿	28	賰噩賲	2026-01-21	2025-09-01	2026-09-01	10080015
416	賰乇賰賲賷賳	賲賷賮丕丿	8	賰噩賲	2026-01-21	2025-12-01	2026-12-01	1553
417	胤毓賲 賮乇丕賵賱丞	賲賷賮丕丿	25	賰噩賲	2026-01-21	2025-08-01	2026-08-01	10080047
418	胤毓賲 賲賵夭	賲賷賮丕丿	23	賰噩賲	2026-01-21	2025-12-01	2026-12-01	10080028
419	卮賵乇鬲賳噩	丕賷賲丕賳夭	5000	賰噩賲	2026-01-24	2026-01-01	2028-01-01	020/26/8
420	丿賯賷賯	丕賱乇丕賮丿賷賳	25000	賰噩賲	2026-01-25	2026-01-01	2026-10-01	01/2026
421	亘賷囟 亘賵丿乇	賴賲鬲賵	150	賰噩賲	2026-01-25	2025-08-01	2026-02-01	P15217-2W01
422	卮賵乇鬲賳噩	丕賷賲丕賳夭	5000	賰噩賲	2026-01-26	2026-01-01	2028-01-01	021/26/8
423	賱賷爻賷孬賷賳	亘丕賮賱賷	400	賰噩賲	2026-01-26	2025-06-01	2027-06-01	L635260625/168PGR
424	賱亘賳 賰丕賲賱 丕賱丿爻賲	丕賱賲丕爻丞	500	賰噩賲	2026-01-26	2025-03-01	2027-03-01	170325NY1
425	夭賷鬲 噩賵夭 賴賳丿	丕賱賷爻乇	108	賰噩賲	2026-01-26	2025-10-01	2027-10-01	100_2/101325
426	賰丕賰丕賵 賮丕鬲丨	賲賷賮丕丿	5000	賰噩賲	2026-01-26	2025-02-01	2028-02-01	22509101
427	毓噩賷賳丞 亘賳丿賯	賲丕夭賰爻	30	賰噩賲	2026-01-28	2025-10-01	2027-02-01	5-2896
428	胤毓賲 夭亘丿丞	丕乇賵賲丕	40	賰噩賲	2026-01-31	2025-12-01	2027-12-01	878496
429	胤毓賲 夭亘丿丞	丕乇賵賲丕	10	賰噩賲	2026-01-31	2026-01-01	2028-01-01	883045
430	胤毓賲 賯乇賮丞	丕乇賵賲丕	10	賰噩賲	2026-01-31	2025-12-01	2027-12-01	885524
431	丿賯賷賯	丕賱乇丕賮丿賷賳	25000	賰噩賲	2026-02-01	2026-02-01	2026-11-01	02/2026
432	夭亘丿丞 胤亘賷毓賷	賲賷賮丕丿	175	賰噩賲	2026-02-01	2025-05-01	2027-05-01	N5806
433	夭亘丿丞 胤亘賷毓賷	賲賷賮丕丿	75	賰噩賲	2026-02-01	2025-05-01	2027-05-01	N5800
434	卮賵乇鬲賳噩	丕賷賲丕賳夭	5000	賰噩賲	2026-02-02	2026-01-01	2028-01-01	027/26/9
435	夭賷鬲 丕賵賱賷賳	丕乇賲丕	234	賰噩賲	2026-02-02	2026-01-01	2028-01-01	54155
436	賱亘賳 賲賳夭賵毓	丕賱賮丕 鬲乇賷丿	5000	賰噩賲	2026-02-04	2025-08-01	2027-08-01	30108
437	爻賰乇	丕賱賲鬲丨丿丞 賱賱爻賰乇	10000	賰噩賲	2026-02-04	2026-02-01	2029-02-01	26032
438	賰丕賰丕賵 睾丕賲賯 RB9011	丕賱噩乇爻	1000	賰噩賲	2026-02-03	2025-05-01	2027-05-01	250517
439	卮賵乇鬲賳噩	丕賷賲丕賳夭	5000	賰噩賲	2026-02-03	2026-01-01	2028-01-01	31/26/8
440	賳卮丕	丕賱卮乇賰丞 丕賱毓乇亘賷丞	3000	賰噩賲	2026-02-03	2026-02-01	2028-02-01	03022026
441	亘賷囟 亘賵丿乇	賰丕賷乇賵 賮賵丿	150	賰噩賲	2026-02-05	2025-10-01	2026-04-01	P1594-2W01
442	噩賱賵賰賵夭	丕賱卮乇賰丞 丕賱毓乇亘賷丞	900	賰噩賲	2026-02-05	2026-02-01	2026-11-01	SG83-35-2026
443	丿賯賷賯	丕賱乇丕賮丿賷賳	25000	賰噩賲	2026-02-07	2026-02-01	2026-11-01	02/2026
444	卮賵乇鬲賳噩	丕賷賲丕賳夭	4900	賰噩賲	2026-02-07	2026-02-01	2028-02-01	36/26/8
445	卮賵乇鬲賳噩	丕賷賲丕賳夭	5100	賰噩賲	2026-02-07	2026-01-01	2028-01-01	31/26/9
446	賮丕賳賷賱賷丕 賰乇賷爻鬲丕賱	丕賷鬲丕賱 丕賳鬲乇賳丕卮賵賳丕賱	100	賰噩賲	2026-02-07	2025-06-01	2028-06-01	JL20250646
447	氐賵丿賷賵賲	丕賷鬲丕賱 丕賳鬲乇賳丕卮賵賳丕賱	1350	賰噩賲	2026-02-07	2025-10-01	2027-10-01	10/2025
448	賰丕賰丕賵 睾丕賲賯 GD81	丕賱賱賵鬲爻	2000	賰噩賲	2026-02-08	2025-09-01	2027-09-01	152538353
449	丕賲賵賳賷賵賲	亘賷 噩賷 丕乇 賰賷賲	408	賰噩賲	2026-02-09	2024-11-01	2026-11-01	20241113
450	賮乇賰鬲賵夭	丕賱卮乇賰丞 丕賱毓乇亘賷丞	2500	賰噩賲	2026-02-10	2026-02-01	2026-11-01	FCS-40-2026-3
451	爻賰乇	丕賱賲鬲丨丿丞 賱賱爻賰乇	10000	賰噩賲	2026-02-10	2026-01-01	2029-01-01	26031
452	丕賲賵賳賷賵賲	亘賷 噩賷 丕乇 賰賷賲	408	賰噩賲	2026-02-10	2024-11-01	2026-11-01	20241113
453	卮賵乇鬲賳噩	丕賷賲丕賳夭	10000	賰噩賲	2026-02-11	2026-02-01	2028-02-01	040/26/8